Reference,Qty,Value,DNP,Exclude from BOM,Exclude from Board,Exclude from Simulation,Exclude from Position Files,Footprint,Datasheet,Link,Linked_MPN,Footprint_Check,Verification_Source
A1,1,RaspberryPi_Pico,,,,,${EXCLUDE_FROM_POS_FILES},Module:RaspberryPi_Pico_SMD_HandSolder,https://datasheets.raspberrypi.com/pico/pico-datasheet.pdf,https://www.raspberrypi.com/products/raspberry-pi-pico/,Raspberry Pi Pico,PASS — Pico SMT footprint documented by Raspberry Pi; keep the BOM footprint exactly as shown.,https://pip-assets.raspberrypi.com/categories/610-raspberry-pi-pico/documents/RP-008307-DS/pico-datasheet
D1,1,LED_RED,,,,,${EXCLUDE_FROM_POS_FILES},LED_SMD:LED_0805_2012Metric,,https://www.digikey.com/en/products/detail/lumex-opto-components-inc/SML-LX0805IC-TR/515787,SML-LX0805IC-TR,PASS — DigiKey lists 0805 (2012 Metric); compatible with LED_SMD:LED_0805_2012Metric.,https://kicad.github.io/footprints/LED_SMD.html
D2,1,LED_BLUE,,,,,${EXCLUDE_FROM_POS_FILES},LED_SMD:LED_0805_2012Metric,,https://www.digikey.com/en/products/detail/bivar-inc/SM0805UBWC/2408548,SM0805UBWC,PASS — DigiKey lists 0805 (2012 Metric); compatible with LED_SMD:LED_0805_2012Metric.,https://kicad.github.io/footprints/LED_SMD.html
D3,1,LED_GREEN,,,,,${EXCLUDE_FROM_POS_FILES},LED_SMD:LED_0805_2012Metric,,https://www.digikey.com/en/products/detail/bivar-inc/SM0805GCL/3095527,SM0805GCL,PASS — DigiKey lists 0805 (2012 Metric); compatible with LED_SMD:LED_0805_2012Metric.,https://kicad.github.io/footprints/LED_SMD.html
D4,1,LED_AMBER,,,,,${EXCLUDE_FROM_POS_FILES},LED_SMD:LED_0805_2012Metric,,https://www.digikey.com/en/products/detail/bivar-inc/SM0805AC/3095524,SM0805AC,PASS — DigiKey lists 0805 (2012 Metric); compatible with LED_SMD:LED_0805_2012Metric.,https://kicad.github.io/footprints/LED_SMD.html
D5,1,LED_PURPLE,,,,,${EXCLUDE_FROM_POS_FILES},LED_SMD:LED_0805_2012Metric,,https://www.digikey.com/en/products/detail/yongyu-optoelectronics/YY0805PU-NN1S0-T3AR4/25558585,YY0805PU-NN1S0-T3AR4,"PASS — DigiKey lists 0805 (2012 Metric), surface mount, standard 2-terminal LED; compatible with LED_SMD:LED_0805_2012Metric.",https://kicad.github.io/footprints/LED_SMD.html
D6,1,LED_PINK,,,,,${EXCLUDE_FROM_POS_FILES},LED_SMD:LED_0805_2012Metric,,https://www.digikey.com/en/products/detail/xinglight/XL-2012UPC/25672960,XL-2012UPC,"PASS — DigiKey lists 0805 (2012 Metric), surface mount, standard independent LED; compatible with LED_SMD:LED_0805_2012Metric.",https://kicad.github.io/footprints/LED_SMD.html
D7,1,LED_YELLOW,,,,,${EXCLUDE_FROM_POS_FILES},LED_SMD:LED_0805_2012Metric,,https://www.digikey.com/en/products/detail/bivar-inc/SM0805YCL/3095534,SM0805YCL,PASS — DigiKey lists 0805 (2012 Metric); compatible with LED_SMD:LED_0805_2012Metric.,https://kicad.github.io/footprints/LED_SMD.html
D8,1,LED_WARM-WHITE,,,,,${EXCLUDE_FROM_POS_FILES},LED_SMD:LED_0805_2012Metric,,https://www.digikey.com/en/products/detail/xinglight/XL-2012WWC/25672999,XL-2012WWC,"PASS — DigiKey lists 0805 (2012 Metric), surface mount; compatible with LED_SMD:LED_0805_2012Metric.",https://kicad.github.io/footprints/LED_SMD.html
D9,1,LED_COOL-WHITE,,,,,${EXCLUDE_FROM_POS_FILES},LED_SMD:LED_0805_2012Metric,,https://www.digikey.com/en/products/detail/liteon/LTW-170TK/758704,LTW-170TK,"PASS — DigiKey lists standard 0805 (2012 Metric), surface mount. Optical color is listed as White (not specifically Cool White), so footprint is verified but color is not an exact match.",https://kicad.github.io/footprints/LED_SMD.html
"R1,R2,R3,R4,R5,R6,R7,R8,R9",9,470R,,,,,${EXCLUDE_FROM_POS_FILES},Resistor_SMD:R_0805_2012Metric,,https://www.digikey.com/en/products/detail/yageo/RC0805JR-07470RP/4935348,RC0805JR-07470RP,"PASS — DigiKey lists 0805 (2012 Metric), 2-terminal chip resistor; compatible with Resistor_SMD:R_0805_2012Metric.",https://kicad.github.io/footprints/Resistor_SMD.html
"R10,R11,R12,R13,R14,R15,R16",7,220R,,,,,${EXCLUDE_FROM_POS_FILES},Resistor_SMD:R_0805_2012Metric,,https://www.digikey.com/en/products/detail/yageo/AC0805FR-7W220RL/17022423,AC0805FR-7W220RL,"PASS — DigiKey lists 0805 (2012 Metric), 2-terminal chip resistor; compatible with Resistor_SMD:R_0805_2012Metric.",https://kicad.github.io/footprints/Resistor_SMD.html
R17,1,10000R,,,,,${EXCLUDE_FROM_POS_FILES},Resistor_SMD:R_0805_2012Metric,,https://www.digikey.com/en/products/detail/yageo/AC0805FR-7W10KL/12699138,AC0805FR-7W10KL,"PASS — DigiKey lists 0805 (2012 Metric), 2-terminal chip resistor; compatible with Resistor_SMD:R_0805_2012Metric.",https://kicad.github.io/footprints/Resistor_SMD.html
"SW1,SW2,SW3",3,SW_Push,,,,,${EXCLUDE_FROM_POS_FILES},Button_Switch_SMD:SW_Push_1P1T_NO_E-Switch_TL3301NxxxxxG,,https://www.digikey.com/en/products/detail/e-switch/TL3301NF160QG-KR/271602,TL3301NF160QG-KR,"PASS — DigiKey lists TL3301 series, 6.00 x 6.00 mm, top-actuated SMD, gull-wing; this is the family targeted by the BOM footprint name.",https://www.digikey.com/en/products/category/switches/15
U1,1,HDSP-7401,,,,,${EXCLUDE_FROM_POS_FILES},Display_7Segment:HDSP-7401,https://docs.broadcom.com/docs/AV02-2553EN,https://www.digikey.com/en/products/detail/broadcom-limited/HDSP-7401/1990413,HDSP-7401,"PASS — Exact MPN. DigiKey lists 10-DIP, 0.200 in / 5.08 mm pitch; KiCad has a dedicated Display_7Segment:HDSP-7401 footprint.",https://kicad.github.io/footprints/Display_7Segment.html
