"Reference","Qty","Value","DNP","Exclude from BOM","Exclude from Board","Exclude from Simulation","Exclude from Position Files","Footprint","Datasheet"
"A1","1","RaspberryPi_Pico","","","","","${EXCLUDE_FROM_POS_FILES}","Module:RaspberryPi_Pico_SMD_HandSolder","https://datasheets.raspberrypi.com/pico/pico-datasheet.pdf"
"D1","1","LED_RED","","","","","${EXCLUDE_FROM_POS_FILES}","LED_SMD:LED_0805_2012Metric",""
"D2","1","LED_BLUE","","","","","${EXCLUDE_FROM_POS_FILES}","LED_SMD:LED_0805_2012Metric",""
"D3","1","LED_GREEN","","","","","${EXCLUDE_FROM_POS_FILES}","LED_SMD:LED_0805_2012Metric",""
"D4","1","LED_AMBER","","","","","${EXCLUDE_FROM_POS_FILES}","LED_SMD:LED_0805_2012Metric",""
"D5","1","LED_PURPLE","","","","","${EXCLUDE_FROM_POS_FILES}","LED_SMD:LED_0805_2012Metric",""
"D6","1","LED_PINK","","","","","${EXCLUDE_FROM_POS_FILES}","LED_SMD:LED_0805_2012Metric",""
"D7","1","LED_YELLOW","","","","","${EXCLUDE_FROM_POS_FILES}","LED_SMD:LED_0805_2012Metric",""
"D8","1","LED_WARM-WHITE","","","","","${EXCLUDE_FROM_POS_FILES}","LED_SMD:LED_0805_2012Metric",""
"D9","1","LED_COOL-WHITE","","","","","${EXCLUDE_FROM_POS_FILES}","LED_SMD:LED_0805_2012Metric",""
"R1,R2,R3,R4,R5,R6,R7,R8,R9","9","470R","","","","","${EXCLUDE_FROM_POS_FILES}","Resistor_SMD:R_0805_2012Metric",""
"R10,R11,R12,R13,R14,R15,R16","7","220R","","","","","${EXCLUDE_FROM_POS_FILES}","Resistor_SMD:R_0805_2012Metric",""
"R17","1","10000R","","","","","${EXCLUDE_FROM_POS_FILES}","Resistor_SMD:R_0805_2012Metric",""
"SW1,SW2,SW3","3","SW_Push","","","","","${EXCLUDE_FROM_POS_FILES}","Button_Switch_SMD:SW_Push_1P1T_NO_E-Switch_TL3301NxxxxxG",""
"U1","1","HDSP-7401","","","","","${EXCLUDE_FROM_POS_FILES}","Display_7Segment:HDSP-7401","https://docs.broadcom.com/docs/AV02-2553EN"
